ID,target
test_2,0.9994557867375674
test_3,0.00012681476585155407
test_4,0.00010762835914327956
test_8,0.9995777671302333
test_9,8.614650623806317e-05
test_10,0.00011191530573025905
test_11,0.6439452731743798
test_14,0.0016040892528226655
test_16,0.9993650493491685
test_19,0.9981613347123114
test_20,0.00012931563954607947
test_22,0.9984841082765661
test_23,0.9995496693904394
test_24,0.9988190263416635
test_26,0.9992678187383391
test_27,0.9995609546695269
test_28,0.0001733271702059668
test_30,7.967300986103147e-05
test_33,0.00011913236293044084
test_34,0.9994218380014185
test_35,0.9996064244064888
test_36,0.9990960322532406
test_37,0.9995915507586963
test_40,0.00012632042438707802
test_41,0.9993699874613011
test_42,0.9995102343935939
test_43,0.09568694300568312
test_44,0.9994917274694333
test_45,0.00011913236293044084
test_46,0.003416278843770214
test_48,9.647851343001645e-05
test_49,9.68560830816499e-05
test_51,0.002195515179971296
test_52,0.00011820537711457486
test_53,0.999326759436219
test_54,0.00010391067562761451
test_55,0.9994407090277545
test_56,7.782753021574925e-05
test_58,0.9992191114099174
test_59,0.00011279296934653834
test_63,0.9994547233625086
test_64,0.0002305067219931397
test_65,0.9995794125678485
test_66,0.9994694234658386
test_67,0.00012436225128319384
test_69,0.9994704581885768
test_70,0.9994857391948004
test_71,0.0002807586447851898
test_72,0.9958256327092299
test_75,0.26020143184909333
test_76,0.999547024187722
test_78,0.9995252957440849
test_80,0.00012053648825760125
test_81,0.9994307964702881
test_83,8.284655882222745e-05
test_85,0.9989955836687396
test_90,0.00035697063503765833
test_92,0.9891815513471369
test_93,0.00011018041091029862
test_94,7.692088177004067e-05
test_95,0.999557512718016
test_96,8.547616611085636e-05
test_97,0.9994642194616526
test_98,0.30177342102883326
test_101,0.0002050221485061691
test_102,0.9995344730812479
test_103,0.0001278092592656268
test_105,9.647851343001645e-05
test_106,8.481104172358075e-05
test_107,0.9994319064800213
test_108,0.9995978806308509
test_109,0.00013711804271791507
test_110,0.00011235328063870752
test_111,0.999286162146788
test_112,0.9992791619741188
test_115,7.426381280268496e-05
test_116,8.888084683809128e-05
test_119,0.9995121428772178
test_120,8.581068165860988e-05
test_123,0.9989837559589321
test_124,0.9996787497205563
test_125,7.692088177004067e-05
test_126,0.9989182847472744
test_127,8.349627818261146e-05
test_130,0.9990582202281117
test_132,0.00022429059096717522
test_133,0.999547024187722
test_134,0.9988418419851767
test_136,0.999541687099365
test_137,0.9995225074410878
test_138,8.415109250079664e-05
test_140,0.00011637298586983838
test_141,0.00011546746867881178
test_142,0.9993785369838617
test_143,9.799768005499332e-05
test_145,0.9996302611296282
test_146,0.010032951076359138
test_147,0.9994229654710683
test_148,0.9996094860399791
test_149,0.9995289881819112
test_150,0.8366880414050809
test_151,0.00010847240726034733
test_153,0.00017536993773773873
test_154,0.00022081405549846667
test_157,0.9951325826547209
test_158,0.00010270020391637417
test_160,9.387641443080781e-05
test_163,0.00010847240726034733
test_165,0.00011820537711457486
test_167,0.00012436225128319384
test_168,0.9994976460490604
test_169,0.999541687099365
test_170,0.9994857391948004
test_171,8.682210299865954e-05
test_172,0.9994827186660278
test_173,0.9993917382883237
test_174,0.9992490043157012
test_175,7.455445147781583e-05
test_176,8.220189478350843e-05
test_177,0.009746104052554062
test_178,0.00010762835914327956
test_179,0.0001177445922838707
test_181,0.00010932307388704928
test_184,8.188144620783272e-05
test_186,7.455445147781583e-05
test_188,8.415109250079664e-05
test_189,0.9994472213630764
test_190,0.9990545376912983
test_192,7.722191834067997e-05
test_193,0.00011323437855834612
test_195,0.9991135010723542
test_196,9.3145930425751e-05
test_197,0.00012195716095619292
test_198,0.9994756016281765
test_201,0.99955664802405
test_202,0.9994631725550129
test_203,0.00011637298586983838
test_208,0.9996295385455054
test_209,0.9994652643277352
test_210,0.00010513541301353926
test_211,0.9994229654710683
test_212,0.9973734475098208
test_213,0.00013238186559744397
test_214,0.9983058968441496
test_215,0.00011728560346075989
test_216,9.278282255095853e-05
test_218,8.992845191712825e-05
test_219,0.9989266936870904
test_220,0.999620015485248
test_221,0.9990995533161093
test_222,0.999406978970643
test_223,7.14190139989638e-05
test_224,0.999557512718016
test_226,0.9995609546695269
test_227,0.999111769476596
test_229,0.9995686015282498
test_231,0.9953904278206259
test_232,0.9989677689632452
test_233,0.017309095753668163
test_234,0.999462123603835
test_236,8.957788551478937e-05
test_238,0.00011637298586983838
test_240,0.9994956808828589
test_241,9.098840359922044e-05
test_242,0.9942250701465559
test_243,9.278282255095853e-05
test_244,0.9991590004880819
test_245,7.998481626310789e-05
test_250,0.00011323437855834612
test_251,0.999532651911922
test_252,0.9996736924155477
test_253,0.9993988204916753
test_254,0.9995883485703213
test_256,0.9995794125678485
test_258,0.9518632288833652
test_259,0.9690617765215094
test_260,0.9989877139083393
test_261,7.905303859378796e-05
test_263,7.782753021574925e-05
test_264,0.0002225455361812209
test_266,0.00010847240726034733
test_267,7.813211475679675e-05
test_268,0.00011061159714638085
test_269,9.461262661302226e-05
test_270,0.9994704581885768
test_272,0.9995362871571053
test_273,0.9973887523965093
test_275,0.00012195716095619292
test_276,0.00011191530573025905
test_277,7.572842434368032e-05
test_279,0.9995939360491741
test_281,0.9996388230278576
test_282,0.00012195716095619292
test_283,0.0001425794257863829
test_284,0.0001258280096913732
test_285,0.00011147903794271353
test_286,0.011961098249809548
test_289,0.00012931563954607947
test_290,0.00012053648825760125
test_291,0.00010889691002655443
test_302,0.9993988204916753
test_303,0.9995859304716141
test_304,0.9978130256031255
test_306,0.9990924974342854
test_308,8.614650623806317e-05
test_309,0.006425621127744358
test_310,8.992845191712825e-05
test_311,0.9993809583387016
test_312,8.922868559694927e-05
test_313,0.0020870345619111133
test_316,0.00012053648825760125
test_318,0.8216173406683573
test_319,8.888084683809128e-05
test_321,0.00018667821557931115
test_330,0.9994557867375674
test_331,0.9995843105229772
test_334,0.9930153500828657
test_335,0.00012681476585155407
test_337,0.5163363463168834
test_338,0.9996251732999331
test_339,0.998289300263701
test_340,7.722191834067997e-05
test_342,0.9997046201930231
test_344,0.00012195716095619292
test_345,0.9984421516740434
test_346,0.9985618646789075
test_347,0.001343237860489667
test_348,0.959837417123999
test_349,0.9995769420000153
test_350,0.022158869355977107
test_351,7.905303859378796e-05
test_352,0.999523438689581
test_353,7.692088177004067e-05
test_354,7.936241888358727e-05
test_356,0.9996743289057174
test_359,7.226081790226858e-05
test_360,0.00011546746867881178
test_361,0.17391866802366993
test_363,0.00012830942637841788
test_365,0.9956091333631859
test_366,0.00010637458416268339
test_367,0.9509148131893829
test_368,0.00012100819764626352
test_369,0.999329382392254
test_371,0.9980238158967419
test_372,8.614650623806317e-05
test_373,0.9995289881819112
test_375,0.999547024187722
test_378,0.22303841721688147
test_380,0.9980505978724697
test_381,8.614650623806317e-05
test_383,0.00011866796497892348
test_384,7.66210186495648e-05
test_385,0.00013238186559744397
test_386,0.9989677689632452
test_388,0.9986619919207773
test_389,8.716188548325527e-05
test_390,0.9724670607386878
test_393,0.9995794125678485
test_394,0.9995389950309911
test_395,0.0050701749912252635
test_396,0.9995362871571053
test_397,0.9995111895663713
test_398,0.0017207354924652213
test_401,0.9994363249268947
test_402,0.00012982170094269908
test_403,0.00011591934318633098
test_406,8.614650623806317e-05
test_407,0.9995694429186754
test_410,0.00012148175280558362
test_411,0.9992678187383391
test_412,0.9983770329385311
test_413,0.027506803981691776
test_414,0.999608722870797
test_416,0.018887342337036525
test_417,0.9994927187173008
test_418,0.00011323437855834612
test_419,0.9994725215874769
test_420,0.5958159635620053
test_421,0.9995344730812479
test_423,0.001079606868174671
test_424,0.9990582202281117
test_426,0.9951514669095514
test_428,0.9996886304750542
test_429,0.9993487317748365
test_430,0.00015118199327273334
test_431,8.156224673856541e-05
test_432,0.9995479076431009
test_435,0.9995955185021579
test_436,7.311254328107719e-05
test_437,0.999541687099365
test_438,0.9993081094330056
test_441,0.00013032974249234988
test_442,8.957788551478937e-05
test_444,0.9996229714333049
test_445,0.00011191530573025905
test_446,0.00012830942637841788
test_447,8.922868559694927e-05
test_448,8.716188548325527e-05
test_449,0.00010110814582171827
test_450,0.9994493752561064
test_452,0.00011412238544346031
test_453,0.9995540437949288
test_454,0.9993487317748365
test_455,7.843789122138342e-05
test_456,9.498289479111183e-05
test_457,0.00011728560346075989
test_458,0.0001248489306036044
test_459,9.278282255095853e-05
test_461,0.00012291356525508167
test_463,0.0014924250751670043
test_464,0.00011866796497892348
test_465,0.9996666084130851
test_466,0.9988686403337832
test_467,0.9996177833313494
test_470,0.00010150383174795512
test_471,8.481104172358075e-05
test_473,0.9994173060629351
test_474,8.682210299865954e-05
test_475,0.9996806259431325
test_476,0.00011104447062360522
test_477,0.00022429059096717522
test_478,7.632232440580595e-05
test_479,0.9994927187173008
test_481,7.905303859378796e-05
test_482,7.632232440580595e-05
test_483,0.0001572034524892943
test_484,0.00017813112047189374
test_485,0.9965837211562298
test_486,0.9958175058144085
test_487,0.0001845037497627874
test_488,0.999610247721213
test_489,0.05639203771103452
test_490,0.9995851212876297
test_491,8.682210299865954e-05
test_492,0.9996672587165932
test_494,0.9996237068217413
test_496,0.00011728560346075989
test_497,8.514295449311664e-05
test_498,0.00015000566214994787
test_499,0.9996573696244269
test_500,8.382304598261359e-05
test_501,0.9994847343156984
test_502,0.00011820537711457486
test_504,0.00016474656078881514
test_505,0.9995549135658057
test_507,0.00011279296934653834
test_508,0.00012632042438707802
test_509,7.692088177004067e-05
test_510,0.00011591934318633098
test_511,0.14199377635162608
test_512,0.999338482577126
test_513,0.0004859560723853083
test_516,0.00010350560822631982
test_517,9.3510459199314e-05
test_518,0.9944987616135949
test_520,0.9994218380014185
test_521,0.9981897889737974
test_524,7.368592981140819e-05
test_525,0.8752548437248808
test_526,0.00012053648825760125
test_527,0.9996041124457469
test_530,0.9993869705571446
test_533,0.00011367751500494287
test_534,0.999663994469056
test_535,0.00013238186559744397
test_536,0.00017064044004706688
test_537,8.448042274023735e-05
test_539,0.0001837845700095221
test_540,0.00012681476585155407
test_542,0.9991864434649486
test_544,0.999507357667311
test_548,0.999140752341272
test_550,0.0003459916031782155
test_551,0.00010071400221737607
test_552,0.00018887830368456845
test_554,0.9995025255444128
test_555,8.682210299865954e-05
test_557,0.9994631725550129
test_560,0.9992903296008995
test_561,0.9993976458735048
test_562,0.9315870896477918
test_563,0.9994766243086606
test_565,7.397430705239854e-05
test_568,0.9996147867236411
test_569,0.00011456899665745263
test_570,7.936241888358727e-05
test_571,0.9995883485703213
test_572,0.00011546746867881178
test_573,0.9993397724902203
test_574,0.00011546746867881178
test_575,0.9994150267974369
test_576,0.022414216463636873
test_579,0.00013032974249234988
test_580,0.9995434730763126
test_581,9.17019690519505e-05
test_582,9.761566060239503e-05
test_583,0.9995744569260261
test_585,0.00012148175280558362
test_586,0.00011637298586983838
test_587,0.00023231418862275664
test_590,0.00013819332423844384
test_591,0.000125337514256461
test_593,0.9704366566310885
test_595,7.752413295281806e-05
test_596,7.998481626310789e-05
test_597,0.0001080495591152451
test_598,0.9993108049996413
test_599,0.00013927703695640697
test_600,0.9995362871571053
test_601,0.999633852971888
test_602,0.9995044640524365
test_603,0.9988575504601823
test_604,0.00010679087805237084
test_605,0.9995025255444128
test_606,0.9995407914937076
test_607,8.614650623806317e-05
test_608,0.999633852971888
test_609,0.9904590751716004
test_610,8.992845191712825e-05
test_613,8.156224673856541e-05
test_614,7.967300986103147e-05
test_615,0.00011546746867881178
test_616,9.876620947343592e-05
test_617,0.00011820537711457486
test_619,8.061209438181984e-05
test_620,9.134448961251417e-05
test_622,0.9986276313099476
test_625,0.999140752341272
test_626,0.9986060497733246
test_627,0.00012830942637841788
test_628,0.00012339457598623172
test_629,0.9994589644431492
test_631,0.00011728560346075989
test_632,7.752413295281806e-05
test_634,0.9951325826547209
test_635,9.838119439583208e-05
test_637,0.9995317386585527
test_638,0.9987575826418965
test_639,9.3510459199314e-05
test_640,0.00011147903794271353
test_641,0.00010310211970688579
test_642,0.9996345671438095
test_644,7.368592981140819e-05
test_645,8.124429150749101e-05
test_647,0.0001224344293469562
test_648,0.9995540437949288
test_649,0.00010637458416268339
test_650,0.998498817743263
test_651,0.0005781619985816635
test_653,0.00010932307388704928
test_655,0.0002737216731838081
test_656,8.818923159891132e-05
test_657,0.9986801365375205
test_658,0.9996170363710914
test_659,0.0016009643344723696
test_661,0.9974836388459802
test_662,0.0002482611002794139
test_664,7.998481626310789e-05
test_667,0.00010720880092159908
test_669,0.9991768614118112
test_672,0.9995744569260261
test_674,0.9991720281814919
test_675,0.00013083977194109115
test_676,0.003254005155128269
test_677,0.00019035941258385477
test_679,0.9988818063345166
test_680,0.0001414700208618386
test_681,0.9986222674109773
test_682,0.9913222832950107
test_688,0.00011191530573025905
test_689,8.648364497085594e-05
test_690,0.999640932353594
test_691,8.092757566536091e-05
test_693,0.3557469155981938
test_695,0.00010391067562761451
test_696,0.0001360511268187112
test_697,0.00011367751500494287
test_698,0.9996633377881102
test_699,0.9990396631247073
test_701,0.00010847240726034733
test_703,0.0001080495591152451
test_704,0.00012931563954607947
test_705,0.0003307979712487797
test_706,0.0016549242441240368
test_709,0.00011323437855834612
test_711,8.156224673856541e-05
test_713,9.876620947343592e-05
test_714,0.9995252957440849
test_715,0.00011235328063870752
test_716,0.00012681476585155407
test_717,0.9386322357671615
test_718,7.905303859378796e-05
test_719,0.0001349925114744823
test_722,7.843789122138342e-05
test_723,0.09401017961657225
test_724,0.9996573696244269
test_726,0.00010932307388704928
test_727,0.9993650493491685
test_732,0.9314625069680097
test_734,0.9979251331010007
test_735,8.547616611085636e-05
test_736,0.9993228057669614
test_738,0.9996132796245574
test_739,0.3158942342525988
test_740,0.9995652194991809
test_741,7.632232440580595e-05
test_743,8.284655882222745e-05
test_744,0.0005826939370649002
test_746,0.000702778600758707
test_748,0.9995522991531197
test_749,0.9996251732999331
test_751,7.905303859378796e-05
test_752,0.999607192056965
test_754,0.9974241187734705
test_755,0.00011820537711457486
test_756,0.999631702073984
test_757,0.00011323437855834612
test_758,0.9995344730812479
test_760,0.9991169541522155
test_761,0.00010190106603011284
test_762,0.025298967956655472
test_766,0.00010637458416268339
test_767,0.0001177445922838707
test_768,0.000469176378583938
test_771,7.484622751061123e-05
test_772,7.602479448313689e-05
test_773,0.9992431186416789
test_776,0.976129165047569
test_777,0.9519526413943113
test_778,0.9995178238443079
test_780,0.9992999593553267
test_782,0.991186833496954
test_784,0.00011959857805023161
test_785,0.999541687099365
test_786,0.17902764243202363
test_789,0.998959681497187
test_790,0.9995054304733404
test_791,0.00012148175280558362
test_792,0.9996749641547633
test_793,9.535461188204107e-05
test_794,0.9995618109676855
test_795,8.818923159891132e-05
test_797,9.535461188204107e-05
test_802,0.9996110079173974
test_803,0.9995140439276147
test_806,0.00013032974249234988
test_807,0.000893445612873136
test_808,0.9990033923087277
test_809,8.284655882222745e-05
test_810,0.0003618828297250705
test_811,9.242113003743326e-05
test_813,0.0007000406446732784
test_814,8.448042274023735e-05
test_815,0.0028671585933937867
test_817,0.9991784662158909
test_818,0.35504778834422474
test_819,0.9973373872828826
test_820,0.00011279296934653834
test_821,8.784544457097042e-05
test_826,0.00013394213212467956
test_827,0.9996567000004942
test_828,0.00010637458416268339
test_832,0.0001673405074737714
test_835,7.602479448313689e-05
test_837,9.278282255095853e-05
test_838,0.9993563143955159
test_840,8.992845191712825e-05
test_841,0.9949298250087747
test_843,0.999539894138721
test_844,0.00019487277625896733
test_848,0.9995851212876297
test_849,0.9995907525535066
test_850,0.9960237720255247
test_851,0.9994439747243333
test_852,0.00013083977194109115
test_853,0.9994450590492857
test_854,0.992710922416408
test_856,0.00012100819764626352
test_857,0.00011323437855834612
test_860,0.9995178238443079
test_861,0.9994847343156984
test_862,0.00011412238544346031
test_863,7.572842434368032e-05
test_864,0.9995425809590998
test_865,0.9994081353996243
test_867,8.061209438181984e-05
test_868,0.0001837845700095221
test_870,0.9992431186416789
test_871,0.00022871331472111626
test_873,0.9994352235455781
test_876,0.024053552894426178
test_879,8.252359735284927e-05
test_880,0.9995005794568467
test_881,0.999259194411005
test_883,9.206084736924455e-05
test_884,0.9996229714333049
test_885,0.014009566286403145
test_886,0.9991255281723468
test_887,0.9996659568390602
test_890,0.9995660674829807
test_891,0.9996147867236411
test_892,0.9996402306168382
test_893,0.00014425986448478854
test_895,0.9994504490550776
test_897,0.00013186582567162826
test_898,0.9995252957440849
test_899,0.9995299067970314
test_900,0.9994138838254832
test_901,0.00012100819764626352
test_902,0.00016997528909631248
test_903,8.888084683809128e-05
test_904,0.999633852971888
test_905,0.00012339457598623172
test_908,0.00036259006628322444
test_910,0.9996117666314255
test_911,0.9996526546943404
test_912,0.8611883563363985
test_913,9.387641443080781e-05
test_916,6.976470974169522e-05
test_917,0.9995609546695269
test_919,8.448042274023735e-05
test_920,0.9996162879516207
test_921,0.9994786636933496
test_922,0.9995875441098898
test_924,0.00022604932622381397
test_925,0.9959692568417017
test_926,0.00012830942637841788
test_927,0.00012195716095619292
test_929,0.9970305547046259
test_930,0.0001733271702059668
test_931,8.061209438181984e-05
test_932,0.9995083184477073
test_933,0.9992930943877577
test_935,0.9996207566370287
test_937,0.9996430293649623
test_939,8.317078411720555e-05
test_940,0.0001248489306036044
test_942,0.9992021665183656
test_943,0.00011728560346075989
test_944,0.9996033387792852
test_947,8.124429150749101e-05
test_949,0.9984207405711987
test_950,0.9984451866509576
test_951,0.9996868012618638
test_952,0.00012148175280558362
test_953,0.00011728560346075989
test_955,0.00010595991290444982
test_956,0.00011682840364655749
test_957,0.00010431732808777014
test_960,0.9994847343156984
test_961,9.028039015031105e-05
test_963,0.9996140339094192
test_964,0.00010889691002655443
test_965,0.9940428462362503
test_968,9.063370558159288e-05
test_970,0.998128789699964
test_971,0.0001278092592656268
test_972,9.098840359922044e-05
test_973,0.00011728560346075989
test_975,0.999530823621416
test_979,0.00014539114412297373
test_980,0.00011866796497892348
test_983,0.9990207407251309
test_984,8.349627818261146e-05
test_985,7.311254328107719e-05
test_986,8.188144620783272e-05
test_988,9.424380170113438e-05
test_989,0.99908538631333
test_991,0.9996259043952698
test_992,0.00010270020391637417
test_993,0.00013819332423844384
test_997,0.9875923050469558
test_998,8.481104172358075e-05
test_1002,0.9995818687141313
test_1003,0.9990960322532406
test_1004,0.9995660674829807
test_1005,0.9993081094330056
test_1007,0.9994252138224351
test_1009,8.784544457097042e-05
test_1011,0.00015118199327273334
test_1014,0.9995252957440849
test_1015,0.9995939360491741
test_1016,7.368592981140819e-05
test_1017,0.0001177445922838707
test_1019,7.572842434368032e-05
test_1020,0.9991848542311085
test_1021,0.0001224344293469562
test_1022,0.9978842965994068
test_1023,0.0001248489306036044
test_1024,7.905303859378796e-05
test_1025,0.00018667821557931115
test_1027,0.8248149777310163
test_1028,0.0007524628013059866
test_1029,0.0014021303935655715
test_1030,9.028039015031105e-05
test_1032,0.99943852125386
test_1034,0.9994352235455781
test_1035,0.9996685555219577
test_1038,0.9995794125678485
test_1039,8.716188548325527e-05
test_1040,0.00010889691002655443
test_1041,0.999539894138721
test_1043,0.00010472557180794286
test_1044,0.0001224344293469562
test_1045,9.17019690519505e-05
test_1047,0.0002791188425705472
test_1048,0.00011104447062360522
test_1050,9.954076534748862e-05
test_1051,0.020804489950607352
test_1052,8.784544457097042e-05
test_1053,0.9995317386585527
test_1055,7.572842434368032e-05
test_1056,0.00010110814582171827
test_1058,0.00013394213212467956
test_1059,0.9373256283116482
test_1060,0.6617862772820244
test_1061,0.9994956808828589
test_1062,0.9995380941670976
test_1063,8.029784284533197e-05
test_1064,0.00031627133069631204
test_1065,0.00011235328063870752
test_1066,0.9931095400073612
test_1069,0.00012830942637841788
test_1070,7.782753021574925e-05
test_1074,0.997730531345513
test_1075,0.9992282020160258
test_1077,0.9996259043952698
test_1078,0.00010071400221737607
test_1079,0.9996600350886911
test_1080,0.9794722117598561
test_1081,0.9991848542311085
test_1082,0.9995727921090527
test_1083,0.9996259043952698
test_1084,7.905303859378796e-05
test_1085,0.9996064244064888
test_1086,0.000115017355457
test_1087,0.999607192056965
test_1088,8.317078411720555e-05
test_1090,0.0001248489306036044
test_1093,0.99908538631333
test_1094,0.00011637298586983838
test_1095,0.9995609546695269
test_1096,7.936241888358727e-05
test_1098,0.9992735124786836
test_1103,9.278282255095853e-05
test_1104,0.999550547689102
test_1105,0.9996140339094192
test_1107,0.998832769041882
test_1108,0.00011061159714638085
test_1109,0.00012982170094269908
test_1110,7.843789122138342e-05
test_1111,8.853436393344614e-05
test_1114,0.00011456899665745263
test_1117,0.00011191530573025905
test_1118,0.00013135179706526775
test_1119,0.9758315564094944
test_1120,0.00012436225128319384
test_1121,9.761566060239503e-05
test_1122,0.9996526546943404
test_1123,0.9992999593553267
test_1124,0.001407610452102932
test_1126,0.9962199045112877
test_1127,0.00013342001090985438
test_1128,0.9996288145497543
test_1129,0.9992833702666042
test_1133,0.00012681476585155407
test_1135,0.057758440076977155
test_1136,8.156224673856541e-05
test_1137,7.998481626310789e-05
test_1138,7.843789122138342e-05
test_1139,0.0012868157546287254
test_1143,0.0005233756913394545
test_1144,7.368592981140819e-05
test_1145,0.9995643698589873
test_1146,0.9995540437949288
test_1147,0.9995686015282498
test_1148,0.0001248489306036044
test_1149,0.9990889488055994
test_1150,0.9995206394839066
test_1152,9.572778355453136e-05
test_1153,0.00011728560346075989
test_1154,0.9995262215571592
test_1155,8.514295449311664e-05
test_1156,0.9996222346082445
test_1157,8.029784284533197e-05
test_1161,0.999523438689581
test_1163,0.00011682840364655749
test_1164,0.9991959140643708
test_1165,0.9995487893762218
test_1166,0.9992805674750023
test_1167,0.9965435903319345
test_1172,0.00011191530573025905
test_1173,0.000151773613058451
test_1174,0.9993013243335144
test_1175,0.0001609308249869283
test_1176,8.317078411720555e-05
test_1178,0.9995252957440849
test_1179,0.9994568480400049
test_1180,0.925567046963707
test_1181,0.00012339457598623172
test_1182,0.00010472557180794286
test_1183,0.9995092773552527
test_1184,0.9996849613059188
test_1186,0.00010391067562761451
test_1187,9.424380170113438e-05
test_1188,0.9995810515958958
test_1189,8.156224673856541e-05
test_1190,7.843789122138342e-05
test_1192,0.9992021665183656
test_1193,0.9880849780328519
test_1194,0.9958660319095476
test_1195,8.614650623806317e-05
test_1196,0.00011191530573025905
test_1197,0.9996033387792852
test_1198,0.0001258280096913732
test_1199,0.9897909456811917
test_1200,0.9995711207817481
test_1202,0.0003065436676907991
test_1204,0.9993952897517442
test_1205,0.860545033345761
test_1206,7.66210186495648e-05
test_1207,0.9994536579107853
test_1208,7.513914535123044e-05
test_1211,0.999550547689102
test_1212,0.9996041124457469
test_1213,0.9993833702652382
test_1214,0.00012195716095619292
test_1217,0.00011591934318633098
test_1219,0.9995769420000153
test_1220,0.9989098099985672
test_1221,0.001806685289674414
test_1223,0.9991990463874916
test_1224,0.9994714908944804
test_1226,0.8576489207970808
test_1227,0.00010679087805237084
test_1228,0.00011728560346075989
test_1230,0.9664738375071954
test_1231,0.00012731104162213555
test_1232,0.9990340250847796
test_1234,0.00030475331107952726
test_1237,0.00012291356525508167
test_1238,8.092757566536091e-05
test_1241,0.999222153437942
test_1243,0.0001248489306036044
test_1244,7.282752524639415e-05
test_1249,0.9969721649754317
test_1251,0.4341763810213468
test_1253,0.00017813112047189374
test_1255,0.9995923474076841
test_1257,0.9996079582107623
test_1259,7.397430705239854e-05
test_1260,0.9984870616381116
test_1261,0.00020582441734682175
test_1262,0.9995215743737126
test_1263,0.9992052745043747
test_1266,0.9996512956973053
test_1267,0.9995044640524365
test_1270,8.382304598261359e-05
test_1271,0.000151773613058451
test_1273,0.00013289992471062786
test_1274,0.9996506142068667
test_1275,0.9994285699436936
test_1276,0.00011279296934653834
test_1277,0.9992930943877577
test_1281,0.9994274534183676
test_1284,0.9986409499954054
test_1287,0.998285961520812
test_1289,0.999533563384998
test_1290,8.448042274023735e-05
test_1293,0.9994642194616526
test_1294,0.00011591934318633098
test_1295,0.9995727921090527
test_1296,0.9988883318306349
test_1297,0.9994877430806455
test_1298,0.9994927187173008
test_1299,0.00010554685795431097
test_1301,0.9995761152580062
test_1303,8.029784284533197e-05
test_1305,0.9991082961405717
test_1306,0.9996170363710914
test_1307,0.00029137006067943023
test_1308,9.17019690519505e-05
test_1309,0.00011323437855834612
test_1310,0.0011469158325476325
test_1311,0.9995092773552527
test_1312,0.9993537967092804
test_1313,0.9995826842393223
test_1314,7.513914535123044e-05
test_1317,0.00011820537711457486
test_1320,0.9914721989917311
test_1323,0.9982108408384048
test_1325,0.999550547689102
test_1326,7.813211475679675e-05
test_1329,0.9980619646800677
test_1330,0.9992958484109428
test_1332,0.9996976175808697
test_1333,0.9994252138224351
test_1334,0.00012291356525508167
test_1335,0.9995187642227709
test_1336,0.00011235328063870752
test_1337,8.415109250079664e-05
test_1338,0.9992720932050273
test_1341,8.957788551478937e-05
test_1342,0.9995978806308509
test_1343,0.9992504685743375
test_1345,8.029784284533197e-05
test_1348,0.9995389950309911
test_1351,0.9996192728855933
test_1353,0.9995761152580062
test_1354,0.00012339457598623172
test_1357,0.00012100819764626352
test_1358,0.00011682840364655749
test_1361,7.752413295281806e-05
test_1362,0.0005692035297118063
test_1363,0.0003905139600208409
test_1364,0.00010975090534032795
test_1365,0.9995818687141313
test_1366,0.99963313740476
test_1367,0.9936240646266155
test_1369,0.00010720880092159908
test_1371,0.9995694429186754
test_1372,7.782753021574925e-05
test_1373,0.0001349925114744823
test_1375,0.9993941082391987
test_1376,8.061209438181984e-05
test_1379,0.9994847343156984
test_1380,0.9994725215874769
test_1381,0.00017605619542612462
test_1382,0.9996295385455054
test_1383,8.614650623806317e-05
test_1384,8.922868559694927e-05
test_1385,0.9984021545059827
test_1387,0.00010975090534032795
test_1388,0.9994173060629351
test_1391,0.0006263341581094201
test_1392,9.954076534748862e-05
test_1393,0.00010720880092159908
test_1394,7.722191834067997e-05
test_1397,0.0001224344293469562
test_1399,0.00026323832090326084
test_1400,0.0001177445922838707
test_1402,0.9995785906517998
test_1403,6.976470974169522e-05
test_1404,7.722191834067997e-05
test_1407,8.382304598261359e-05
test_1409,0.2652614402813438
test_1410,0.9993067577014336
test_1413,0.9996633377881102
test_1414,8.188144620783272e-05
test_1415,0.00011367751500494287
test_1416,8.061209438181984e-05
test_1420,0.978343323718742
test_1421,0.9997023041901537
test_1422,0.9996659568390602
test_1423,0.00010889691002655443
test_1424,0.9951890169673988
test_1425,9.028039015031105e-05
test_1428,0.9995669138136133
test_1430,0.9995102343935939
test_1434,0.9966495765851902
test_1435,0.00010975090534032795
test_1436,0.9995389950309911
test_1438,0.00010932307388704928
test_1440,0.998289300263701
test_1443,0.0011763748946187237
test_1444,0.00013658354314419535
test_1445,0.00012436225128319384
test_1446,0.9990264562254172
test_1447,0.9996519758589336
test_1449,0.9996430293649623
test_1450,0.9995923474076841
test_1451,0.00018961741228916412
test_1453,0.9994827186660278
test_1454,0.9993809583387016
test_1455,0.28726769062537805
test_1457,8.750299760661308e-05
test_1458,0.9994374241615955
test_1459,7.813211475679675e-05
test_1461,8.092757566536091e-05
test_1464,0.00012731104162213555
test_1465,0.00013186582567162826
test_1466,8.061209438181984e-05
test_1467,0.00011820537711457486
test_1468,0.9992431186416789
test_1469,0.00011104447062360522
test_1470,0.9991082961405717
test_1471,0.00012100819764626352
test_1472,0.00011104447062360522
test_1473,0.00012830942637841788
test_1474,0.9995777671302333
test_1475,8.784544457097042e-05
test_1476,0.9964411961098858
test_1477,0.9996749641547633
test_1480,0.9995344730812479
test_1482,0.9994218380014185
test_1483,0.9990452682889194
test_1485,0.9972902977072032
test_1486,0.0002234163601827719
test_1489,0.0003181293315285325
test_1490,0.0001387341225792179
test_1492,0.00013342001090985438
test_1493,0.00012681476585155407
test_1494,9.028039015031105e-05
test_1495,0.9945307254013009
test_1497,7.484622751061123e-05
test_1501,0.9994887420950092
test_1502,0.9996560290683241
test_1503,0.07436570297412956
test_1505,0.00012100819764626352
test_1506,0.9995719572607793
test_1509,7.54332094672397e-05
test_1512,0.0007096703991005883
test_1513,0.00010431732808777014
test_1515,0.00012006661744708867
test_1516,0.0003618828297250705
test_1520,0.9992037220265242
test_1521,9.278282255095853e-05
test_1523,0.00012053648825760125
test_1524,0.00011728560346075989
test_1525,0.9995197027681136
test_1526,0.9996302611296282
test_1527,0.9992692463402614
test_1528,0.00016346470245419303
test_1529,0.9995380941670976
test_1530,0.00013289992471062786
test_1531,0.9995452520967412
test_1532,7.722191834067997e-05
test_1533,0.9993228057669614
test_1534,0.9964687931452992
test_1535,0.9982759062118624
test_1537,0.00010637458416268339
test_1541,0.03882902118577125
test_1542,7.998481626310789e-05
test_1544,8.818923159891132e-05
test_1546,9.424380170113438e-05
test_1548,0.9968884914601416
test_1549,9.799768005499332e-05
test_1554,0.00013342001090985438
test_1555,0.00010071400221737607
test_1557,8.818923159891132e-05
test_1559,0.9996048846038099
test_1560,0.9995609546695269
test_1562,0.00012291356525508167
test_1563,0.00019035941258385477
test_1564,0.0001349925114744823
test_1566,0.9798997644232479
test_1567,0.00011682840364655749
test_1568,0.9985249365562754
test_1569,0.9994428882818492
test_1570,0.9996352799232424
test_1571,0.9993857728001386
test_1572,8.124429150749101e-05
test_1575,9.572778355453136e-05
test_1576,0.031084951087943985
test_1577,0.9883352803959932
test_1578,0.9989975415402068
test_1580,0.9994589644431492
test_1581,9.647851343001645e-05
test_1582,8.317078411720555e-05
test_1583,0.9996519758589336
test_1586,8.957788551478937e-05
test_1587,0.00013135179706526775
test_1588,8.922868559694927e-05
test_1592,8.716188548325527e-05
test_1593,0.9991424274837479
test_1595,0.00013658354314419535
test_1600,0.00011104447062360522
test_1601,0.999550547689102
test_1602,0.9995102343935939
test_1603,0.940626341879754
test_1606,0.9991704108116409
test_1607,8.547616611085636e-05
test_1608,0.8886622074169606
test_1609,0.999550547689102
test_1610,0.9990302480322174
test_1611,7.484622751061123e-05
test_1612,0.002636805419513102
test_1613,0.68731526817782
test_1614,0.999253388538729
test_1617,7.66210186495648e-05
test_1618,7.169852007480069e-05
test_1619,0.00011682840364655749
test_1620,7.998481626310789e-05
test_1621,0.9991272329691079
test_1622,0.9995025255444128
test_1624,0.00012830942637841788
test_1625,0.00012436225128319384
test_1627,0.9996646498695336
test_1628,0.9991880296028862
test_1631,8.284655882222745e-05
test_1632,0.00010270020391637417
test_1634,0.9996573696244269
test_1636,7.692088177004067e-05
test_1639,0.9996033387792852
test_1641,0.06723980005215242
test_1643,0.9994827186660278
test_1646,8.818923159891132e-05
test_1648,0.00012982170094269908
test_1649,8.220189478350843e-05
test_1650,0.9988167202304989
test_1652,0.998231648313891
test_1653,0.9993845727043569
test_1655,0.9992327075871412
test_1657,0.9994600195519033
test_1658,0.9995092773552527
test_1659,0.9995215743737126
test_1660,8.888084683809128e-05
test_1661,0.00012195716095619292
test_1662,0.0001349925114744823
test_1663,0.00012931563954607947
test_1664,0.9996672587165932
test_1665,7.782753021574925e-05
test_1666,0.9320214783394977
test_1667,0.8006140686239445
test_1669,0.9994493752561064
test_1670,0.9995818687141313
test_1671,0.9992475371986941
test_1672,0.9995197027681136
test_1674,0.9987863282788384
test_1677,7.998481626310789e-05
test_1678,0.9993575695601536
test_1679,0.9996633377881102
test_1681,0.00011866796497892348
test_1683,0.00011682840364655749
test_1684,0.00011367751500494287
test_1685,0.9994966644245472
test_1687,8.156224673856541e-05
test_1688,9.838119439583208e-05
test_1690,0.9996295385455054
test_1692,0.0001224344293469562
test_1696,0.4050956694020703
test_1697,0.0001278092592656268
test_1698,0.9995859304716141
test_1699,0.9995626655964818
test_1704,0.9995843105229772
test_1705,0.00011820537711457486
test_1707,0.9996934563323092
test_1708,0.9992972213992413
test_1709,0.9994307964702881
test_1710,0.9994663071572335
test_1712,0.9994240907433146
test_1713,0.9996259043952698
test_1715,0.9995371915436136
test_1716,0.00010889691002655443
test_1717,0.00011367751500494287
test_1721,0.9993148286850494
test_1723,8.514295449311664e-05
test_1724,8.992845191712825e-05
test_1725,0.9996352799232424
test_1726,0.9996273623123381
test_1727,7.782753021574925e-05
test_1728,0.9993638087890532
test_1729,0.00011682840364655749
test_1730,0.9995353810041325
test_1731,0.999532651911922
test_1733,0.12710987571079363
test_1734,7.967300986103147e-05
test_1735,9.572778355453136e-05
test_1736,0.9950080383891218
test_1737,8.092757566536091e-05
test_1738,9.242113003743326e-05
test_1740,0.9995702826687766
test_1743,0.9806178087982642
test_1744,7.813211475679675e-05
test_1745,0.9994946954202548
test_1747,0.00028130738295917366
test_1748,0.0001572034524892943
test_1750,0.00011018041091029862
test_1751,0.00011235328063870752
test_1752,9.647851343001645e-05
test_1753,8.614650623806317e-05
test_1754,0.00012731104162213555
test_1756,0.00013083977194109115
test_1757,0.9994482993601362
test_1759,0.9993917382883237
test_1760,7.66210186495648e-05
test_1762,0.9995111895663713
test_1763,9.461262661302226e-05
test_1764,7.967300986103147e-05
test_1765,0.9995875441098898
test_1766,0.99955664802405
test_1767,0.9993905498409864
test_1768,0.00010391067562761451
test_1769,0.999523438689581
test_1771,0.35695085362186774
test_1772,7.66210186495648e-05
test_1773,7.936241888358727e-05
test_1774,0.9995111895663713
test_1775,7.936241888358727e-05
test_1776,0.9992972213992413
test_1777,0.00012006661744708867
test_1779,0.99955664802405
test_1781,0.9894702878753826
test_1784,0.9996002289704817
test_1785,0.0003263075844521931
test_1786,0.9994887420950092
test_1787,0.9993148286850494
test_1788,0.00011820537711457486
test_1790,0.00013032974249234988
test_1792,9.915273115920184e-05
test_1794,0.00010847240726034733
test_1795,0.9996593706722667
test_1797,0.00012881155058659948
test_1799,0.9995907525535066
test_1804,0.9995915507586963
test_1806,0.0010182288092968857
test_1808,0.00012195716095619292
test_1809,0.9994867421151781
test_1811,0.00014653129390717956
test_1812,0.00011637298586983838
test_1813,0.9995083184477073
test_1814,0.9995425809590998
test_1815,0.9919380084717284
test_1816,0.9990746151133504
test_1818,0.9971661501557534
test_1819,0.0019267346633274755
test_1820,0.9990149917032549
test_1821,0.9655764505873501
test_1823,0.00011147903794271353
test_1824,0.9995810515958958
test_1825,8.581068165860988e-05
test_1827,0.00011061159714638085
test_1828,0.00012339457598623172
test_1829,0.00016997528909631248
test_1830,0.0038769264697610085
test_1831,0.00010637458416268339
test_1832,0.9994092895748281
test_1833,0.9992037220265242
test_1836,0.9990302480322174
test_1837,0.9992052745043747
test_1838,0.00011866796497892348
test_1840,8.029784284533197e-05
test_1841,0.9978087593636037
test_1843,0.002107472437884964
test_1844,8.922868559694927e-05
test_1846,0.3568948162867878
test_1847,0.9995479076431009
test_1848,0.11367794839730347
test_1850,9.838119439583208e-05
test_1851,0.9995802328815067
test_1852,0.9994867421151781
test_1853,0.9995371915436136
test_1854,0.004924510374080036
test_1856,7.936241888358727e-05
test_1858,0.9995785906517998
test_1860,0.00048690567024075546
test_1864,0.00013446629631566167
test_1866,0.00010554685795431097
test_1867,0.9996222346082445
test_1868,0.0001278092592656268
test_1870,0.9942025987455659
test_1872,0.9995197027681136
test_1873,0.9994907342856149
test_1874,0.0001258280096913732
test_1876,0.9960545931933981
test_1877,0.9995102343935939
test_1878,0.00012053648825760125
test_1879,0.00010190106603011284
test_1880,8.415109250079664e-05
test_1882,0.9994363249268947
test_1886,8.124429150749101e-05
test_1887,0.9992145260642746
test_1888,8.382304598261359e-05
test_1892,0.14633105957168724
test_1896,0.9938190190313135
test_1897,0.9991720281814919
test_1898,9.424380170113438e-05
test_1899,0.9990889488055994
test_1900,0.0001448243998600078
test_1902,0.00012881155058659948
test_1904,0.0001673405074737714
test_1905,8.415109250079664e-05
test_1906,0.9994547233625086
test_1907,0.9995206394839066
test_1909,0.039713256773684175
test_1911,0.999507357667311
test_1914,0.9961381298631126
test_1915,0.0032922360572961973
test_1918,0.0001349925114744823
test_1921,0.9994307964702881
test_1922,7.632232440580595e-05
test_1927,0.9986567621395104
test_1928,9.098840359922044e-05
test_1930,0.00011682840364655749
test_1931,0.00010032139492440778
test_1932,7.905303859378796e-05
test_1933,0.9990415351561638
test_1934,0.9993929244195585
test_1935,0.9993461844496442
test_1937,0.9995005794568467
test_1938,0.9996606982095744
test_1939,0.9257686295391643
test_1941,0.8379517520890232
test_1942,0.00010513541301353926
test_1943,0.9995557816410785
test_1945,7.632232440580595e-05
test_1946,0.9995986649388644
test_1947,0.999547024187722
test_1948,0.9995531723251385
test_1949,0.9993228057669614
test_1951,0.9899281765623462
test_1952,8.547616611085636e-05
test_1954,0.6368614250273626
test_1955,7.905303859378796e-05
test_1956,0.9548583556593461
test_1957,0.00012387746887463418
test_1959,0.9993941082391987
test_1960,0.00012291356525508167
test_1961,0.001028210887137187
test_1967,0.00011546746867881178
test_1969,0.779069813230179
test_1970,0.9996567000004942
test_1971,0.0004052719522784075
test_1972,0.99955664802405
test_1973,8.784544457097042e-05
test_1975,0.9995686015282498
test_1976,8.614650623806317e-05
test_1977,0.9985813651840572
test_1978,0.9996222346082445
test_1979,0.0009362828177560107
test_1980,0.9320214783394977
test_1982,0.9993638087890532
test_1983,0.6128130402979454
test_1984,0.00011591934318633098
test_1985,0.9993332976907565
test_1986,0.00011279296934653834
test_1987,0.9996017869093836
test_1988,0.00017674513810355872
test_1989,0.9995867380780099
test_1990,0.9995487893762218
test_1991,0.00017064044004706688
test_1992,7.426381280268496e-05
test_1993,0.999640932353594
test_1994,0.9993699874613011
test_1996,0.9830036996103989
test_1999,0.9858139832804553
test_2000,0.00011367751500494287
test_2002,8.648364497085594e-05
test_2004,0.00011412238544346031
test_2005,7.752413295281806e-05
test_2007,7.874486427310235e-05
test_2010,0.9993797488421167
test_2011,0.997929173236711
test_2012,0.9987031047133935
test_2014,0.0001248489306036044
test_2015,0.00012681476585155407
test_2016,0.9993013243335144
test_2017,0.9993638087890532
test_2018,0.9994946954202548
test_2019,0.9995794125678485
test_2020,0.00011820537711457486
test_2021,7.843789122138342e-05
test_2022,8.853436393344614e-05
test_2023,0.0001398220756473291
test_2024,0.9995083184477073
test_2026,8.784544457097042e-05
test_2027,0.00011820537711457486
test_2028,0.9987380421058902
test_2030,0.9995362871571053
test_2031,7.692088177004067e-05
test_2032,0.9996140339094192
test_2034,0.999480695135505
test_2035,7.086326620752597e-05
test_2036,0.9995931425035015
test_2037,0.0001080495591152451
test_2038,0.9994610726041306
test_2039,0.9996002289704817
test_2041,0.9913222832950107
test_2043,8.514295449311664e-05
test_2044,0.00011018041091029862
test_2046,0.9996416327220904
test_2049,0.9993988204916753
test_2051,0.9995407914937076
test_2052,0.0001414700208618386
test_2053,0.5629274994126787
test_2054,0.9473323435429299
test_2055,0.10379403841024129
test_2058,0.9995794125678485
test_2060,0.9996692020287512
test_2061,0.999541687099365
test_2063,8.284655882222745e-05
test_2064,0.9995931425035015
test_2065,0.00021235659825357737
test_2066,0.9992720932050273
test_2070,7.874486427310235e-05
test_2071,0.9904035452676181
test_2073,0.9991848542311085
test_2074,0.9996793763491943
test_2076,0.9995215743737126
test_2077,0.9994735502714851
test_2078,8.992845191712825e-05
test_2079,0.00019563533752717902
test_2080,0.9995785906517998
test_2081,0.9993588222788345
test_2082,0.9912378710012225
test_2084,7.368592981140819e-05
test_2086,0.9995005794568467
test_2087,0.9996812489131904
test_2088,7.998481626310789e-05
test_2093,0.00011323437855834612
test_2094,0.999607192056965
test_2095,0.00012681476585155407
test_2096,0.9992386741581051
test_2097,0.00012053648825760125
test_2098,0.999530823621416
test_2099,0.9995794125678485
test_2100,7.426381280268496e-05
test_2101,0.9971990730328789
test_2102,7.311254328107719e-05
test_2104,0.9996711339950981
test_2106,0.9994847343156984
test_2111,0.9994786636933496
test_2113,0.0001177445922838707
test_2114,8.716188548325527e-05
test_2116,0.0012136717211617078
test_2117,7.752413295281806e-05
test_2119,0.9994547233625086
test_2121,0.9993724421060196
test_2122,7.843789122138342e-05
test_2124,7.086326620752597e-05
test_2125,0.004582765356575257
test_2126,0.9991752534754559
test_2127,0.00012681476585155407
test_2128,8.750299760661308e-05
test_2129,0.9812029269218638
test_2130,0.9995557816410785
test_2131,0.9995826842393223
test_2133,0.9677472359735158
test_2134,8.648364497085594e-05
test_2135,0.00012053648825760125
test_2138,0.9952632510442234
test_2139,9.028039015031105e-05
test_2140,0.0010965895590371343
test_2141,0.00011412238544346031
test_2143,0.9983450757558759
test_2145,0.9987181946339729
test_2147,0.999547024187722
test_2148,0.0001529638061747208
test_2151,0.9980429830598053
test_2153,0.9996025636014809
test_2155,0.00010472557180794286
test_2157,9.387641443080781e-05
test_2158,0.999631702073984
test_2159,7.967300986103147e-05
test_2160,0.9996192728855933
test_2161,0.9990582202281117
test_2162,0.9996743289057174
test_2163,0.00010071400221737607
test_2164,8.784544457097042e-05
test_2166,0.9984811491586221
test_2168,0.000115017355457
test_2169,0.00010975090534032795
test_2170,0.00025514139559523356
test_2172,0.00010310211970688579
test_2173,0.14306793437031923
test_2174,0.999254844255573
test_2176,0.0001177445922838707
test_2177,0.9994207083300786
test_2179,0.17050799982688053
test_2180,0.000115017355457
test_2181,0.00011682840364655749
test_2182,0.9310874968619293
test_2183,8.029784284533197e-05
test_2186,0.9973269939672114
test_2187,0.00015416333122432718
test_2188,8.382304598261359e-05
test_2189,0.0001572034524892943
test_2190,8.061209438181984e-05
test_2192,0.00011913236293044084
test_2193,0.00012931563954607947
test_2195,0.00010150383174795512
test_2197,0.9995643698589873
test_2198,0.9995289881819112
test_2199,0.9991573576912437
test_2200,0.00012830942637841788
test_2202,0.00011456899665745263
test_2203,0.00011637298586983838
test_2206,0.99899949559909
test_2207,0.00011191530573025905
test_2209,8.029784284533197e-05
test_2211,9.063370558159288e-05
test_2213,0.9994557867375674
test_2214,0.9996324204397017
test_2215,0.999557512718016
test_2216,0.9995843105229772
test_2218,7.967300986103147e-05
test_2219,0.0866320675642644
test_2220,0.9993600725563183
test_2221,0.00011061159714638085
test_2222,0.9996192728855933
test_2224,0.9994600195519033
test_2226,0.9995362871571053
test_2227,0.9992251836246376
test_2228,7.426381280268496e-05
test_2229,9.063370558159288e-05
test_2230,0.00011820537711457486
test_2231,0.001294368035454269
test_2233,0.9993941082391987
test_2234,0.9995197027681136
test_2235,0.9996580379426713
test_2236,8.317078411720555e-05
test_2237,0.9990072738567558
test_2239,0.9995092773552527
test_2241,7.752413295281806e-05
test_2242,0.9992562971362237
test_2245,0.00012148175280558362
test_2246,7.967300986103147e-05
test_2247,0.00011147903794271353
test_2249,0.9995843105229772
test_2251,9.535461188204107e-05
test_2252,0.00010431732808777014
test_2254,0.99857582071196
test_2255,0.9992206339069791
test_2256,9.610241549947395e-05
test_2259,0.9995362871571053
test_2260,0.9995380941670976
test_2261,0.9995947280477215
test_2264,0.00014091855924157297
test_2265,0.9944126137604998
test_2266,0.9996010087000379
test_2267,9.278282255095853e-05
test_2268,0.9995005794568467
test_2270,7.936241888358727e-05
test_2273,0.00012731104162213555
test_2274,0.9996672587165932
test_2275,0.9995834981745719
test_2278,0.999507357667311
test_2279,0.00012148175280558362
test_2280,0.0007900861850389445
test_2282,0.998451238905712
test_2283,0.998646241256444
test_2285,0.0002225455361812209
test_2287,8.317078411720555e-05
test_2290,0.00552265071516513
test_2293,0.9994877430806455
test_2295,0.0005223550042422828
test_2299,7.722191834067997e-05
test_2300,0.00011147903794271353
test_2302,0.00011820537711457486
test_2303,0.9994857391948004
test_2306,0.00011367751500494287
test_2309,8.448042274023735e-05
test_2312,9.098840359922044e-05
test_2314,0.00010071400221737607
test_2315,0.0001488384825728813
test_2316,0.9553191297273498
test_2317,0.00013658354314419535
test_2319,0.00012339457598623172
test_2320,0.9995875441098898
test_2322,0.9994663071572335
test_2323,0.999539894138721
test_2326,8.614650623806317e-05
test_2328,8.284655882222745e-05
test_2330,0.00011061159714638085
test_2332,0.9990471294043778
test_2333,0.9987886935494876
test_2334,0.9995907525535066
test_2335,0.9994341200134585
test_2337,0.9987156918798661
test_2338,0.9965097893646822
test_2339,0.00017743677627136089
test_2340,0.0002581481452421289
test_2341,0.0001258280096913732
test_2343,0.0001398220756473291
test_2344,0.9995618109676855
test_2345,0.00011147903794271353
test_2346,0.9995994477177484
test_2348,7.572842434368032e-05
test_2349,0.00010762835914327956
test_2352,0.9993228057669614
test_2353,0.000125337514256461
test_2354,7.905303859378796e-05
test_2356,0.9995130943297591
test_2357,0.9994104415006415
test_2358,0.3566707061141034
test_2362,9.278282255095853e-05
test_2364,0.00010932307388704928
test_2365,0.00012195716095619292
test_2367,0.9991687902850289
test_2368,0.9996444205667198
test_2371,0.9996079582107623
test_2373,0.06148036410266608
test_2374,0.9906237625491514
test_2375,0.999557512718016
test_2377,0.9994827186660278
test_2378,0.007606672164523266
test_2379,0.00012931563954607947
test_2380,9.461262661302226e-05
test_2381,7.967300986103147e-05
test_2382,0.9993905498409864
test_2385,0.0001414700208618386
test_2386,0.001201891318511022
test_2389,0.9995092773552527
test_2390,8.818923159891132e-05
test_2391,8.124429150749101e-05
test_2393,9.647851343001645e-05
test_2394,0.04531031834127325
test_2396,0.9992356966904383
test_2400,0.00011728560346075989
test_2401,0.9948803237619381
test_2402,8.382304598261359e-05
test_2404,0.9996345671438095
test_2405,0.00010032139492440778
test_2406,8.888084683809128e-05
test_2407,0.9993662874917502
test_2409,0.00011637298586983838
test_2410,0.999640932353594
test_2412,9.063370558159288e-05
test_2413,0.7101762572675135
test_2414,0.9996800017559261
test_2416,0.00011412238544346031
test_2417,0.9991255281723468
test_2418,0.6539561070548487
test_2420,0.00010720880092159908
test_2423,0.00011061159714638085
test_2424,7.905303859378796e-05
test_2425,0.9995694429186754
test_2426,0.00011367751500494287
test_2428,9.028039015031105e-05
test_2429,0.9995626655964818
test_2430,0.00010847240726034733
test_2431,7.572842434368032e-05
test_2433,0.9996079582107623
test_2434,0.9994207083300786
test_2435,0.00011018041091029862
test_2436,0.9943799635999729
test_2437,0.04945112901188539
test_2438,0.8027102434082559
test_2439,0.00010472557180794286
test_2440,0.9995694429186754
test_2441,0.9996110079173974
test_2443,8.188144620783272e-05
test_2444,7.484622751061123e-05
test_2446,7.905303859378796e-05
test_2447,0.9993699874613011
test_2448,0.9990508407687504
test_2449,0.9995635185591673
test_2450,0.00011728560346075989
test_2451,7.311254328107719e-05
test_2452,0.9995299067970314
test_2453,0.9967077639427038
test_2454,0.9888634980520277
test_2455,0.9994937080329872
test_2456,0.9995802328815067
test_2457,0.9995583757262665
test_2458,0.9995826842393223
test_2459,0.9995785906517998
test_2460,0.9994827186660278
test_2462,0.0001258280096913732
test_2464,0.007740521166329926
test_2468,0.9889278398167658
test_2470,0.1212688777402316
test_2471,0.9990889488055994
test_2473,0.00011959857805023161
test_2475,0.00011191530573025905
test_2476,7.813211475679675e-05
test_2477,7.874486427310235e-05
test_2481,0.00010889691002655443
test_2482,0.9996464972135802
test_2484,0.9990960322532406
test_2485,0.9995252957440849
test_2486,0.9994150267974369
test_2487,0.00010554685795431097
test_2489,8.750299760661308e-05
test_2492,0.9996117666314255
test_2493,0.9995362871571053
test_2494,0.0002453694805426224
test_2495,0.00012006661744708867
test_2496,0.5415717459926912
test_2497,8.682210299865954e-05
test_2499,0.999607192056965
test_2500,0.9991357072723955
test_2502,9.098840359922044e-05
test_2503,7.722191834067997e-05
test_2504,0.000125337514256461
test_2505,7.782753021574925e-05
test_2506,0.9996626798241965
test_2509,0.00011279296934653834
test_2510,0.00012982170094269908
test_2511,0.00015059267929792876
test_2513,0.9989161722496872
test_2516,0.9995479076431009
test_2517,0.998238530319926
test_2518,0.9921385416382085
test_2520,7.843789122138342e-05
test_2523,0.00011235328063870752
test_2524,0.9994504490550776
test_2525,0.9991152292953748
test_2528,8.514295449311664e-05
test_2531,0.00011018041091029862
test_2532,0.4527930003406638
test_2533,8.750299760661308e-05
test_2534,0.9995592370520848
test_2535,0.00010513541301353926
test_2537,0.9991943433158609
test_2540,0.9994240907433146
test_2541,0.9977699875879692
test_2542,0.0001177445922838707
test_2544,0.9996033387792852
test_2545,0.9994704581885768
test_2547,0.9994725215874769
test_2549,0.9995522991531197
test_2553,0.00010847240726034733
test_2556,7.368592981140819e-05
test_2557,8.581068165860988e-05
test_2558,0.0001080495591152451
test_2560,0.00011367751500494287
test_2561,0.00022081405549846667
test_2562,8.614650623806317e-05
test_2563,0.00010932307388704928
test_2564,7.936241888358727e-05
test_2565,0.10034840644105592
test_2566,0.0002406247471562651
test_2567,0.9707987097542187
test_2571,0.13028542074923347
test_2572,0.00012006661744708867
test_2574,0.00010847240726034733
test_2575,0.9992606388161386
test_2576,0.00011191530573025905
test_2577,0.999547024187722
test_2578,0.6324176266950328
test_2579,0.00010975090534032795
test_2581,0.9607312480728336
test_2582,0.9996033387792852
test_2583,7.813211475679675e-05
test_2584,0.0001177445922838707
test_2585,0.00011820537711457486
test_2586,0.0001414700208618386
test_2587,0.000834460263093835
test_2588,0.00012148175280558362
test_2590,8.581068165860988e-05
test_2593,8.514295449311664e-05
test_2595,0.9995643698589873
test_2596,0.9994195764527547
test_2597,0.9973060857980207
test_2598,0.0004140695283858354
test_2600,0.9983157775359786
test_2602,0.9994207083300786
test_2603,0.0020072420085131904
test_2604,0.9987281570357236
test_2605,0.9993461844496442
test_2606,9.723513021229605e-05
test_2608,0.00011147903794271353
test_2610,0.9994600195519033
test_2611,0.999624440776353
test_2612,0.9994034961170324
test_2613,0.9996017869093836
test_2614,0.9995939360491741
test_2616,0.9994673479541133
test_2617,0.9118884515164695
test_2620,0.00012387746887463418
test_2623,0.9708540271810099
test_2624,0.9994966644245472
test_2625,0.9977216691335006
test_2626,0.9995271455654797
test_2629,8.061209438181984e-05
test_2632,0.9986303054339064
test_2634,0.9995686015282498
test_2635,0.00012632042438707802
test_2638,8.514295449311664e-05
test_2639,0.9996704912628672
test_2640,0.00012632042438707802
test_2641,0.00011820537711457486
test_2642,0.9995531723251385
test_2643,0.9995669138136133
test_2646,0.024750971173211154
test_2648,0.9892440755284819
test_2649,0.9993121488449448
test_2651,0.9991490954873492
test_2652,0.9995939360491741
test_2653,0.9993724421060196
test_2654,7.967300986103147e-05
test_2656,0.000151773613058451
test_2659,0.9993228057669614
test_2662,8.888084683809128e-05
test_2663,0.00010975090534032795
test_2664,0.00013658354314419535
test_2665,0.9994127386216031
test_2669,0.00015118199327273334
test_2671,0.9996606982095744
test_2673,0.9993174980917366
test_2676,8.092757566536091e-05
test_2677,0.9974039683339526
test_2678,0.00013342001090985438
test_2681,0.6311113101362567
test_2682,0.00013032974249234988
test_2683,0.00010270020391637417
test_2685,0.0002840671987277572
test_2686,0.9838160969200834
test_2687,0.00011061159714638085
test_2689,0.00010637458416268339
test_2693,0.7541462762546542
test_2694,0.9994704581885768
test_2696,0.00043648144083274293
test_2699,0.004520818046171075
test_2700,0.00010595991290444982
test_2701,0.0014409428725946354
test_2702,0.9974688886906717
test_2703,0.00011323437855834612
test_2704,0.9994218380014185
test_2705,0.9995875441098898
test_2707,0.00011591934318633098
test_2708,0.3612210514317583
test_2709,7.397430705239854e-05
test_2710,0.9996698472749022
test_2711,0.9995727921090527
test_2712,0.0002157000067505086
test_2713,9.098840359922044e-05
test_2714,0.9764905475924671
test_2715,0.00012731104162213555
test_2716,0.00010310211970688579
test_2717,0.9993013243335144
test_2718,0.9995660674829807
test_2721,0.9994966644245472
test_2722,7.967300986103147e-05
test_2723,8.220189478350843e-05
test_2724,0.00011018041091029862
test_2725,0.9994252138224351
test_2726,9.993031795570665e-05
test_2727,0.9993449070556413
test_2728,0.0034496887216523323
test_2729,7.455445147781583e-05
test_2731,8.648364497085594e-05
test_2732,0.9995034957440214
test_2733,0.9992475371986941
test_2735,0.9995635185591673
test_2736,0.9992958484109428
test_2739,0.9995711207817481
test_2740,0.00011456899665745263
test_2741,0.00012291356525508167
test_2742,0.00010720880092159908
test_2743,8.124429150749101e-05
test_2746,0.9995159375737079
test_2748,9.799768005499332e-05
test_2749,0.9992791619741188
test_2750,0.9995907525535066
test_2751,0.9996345671438095
test_2752,9.063370558159288e-05
test_2753,0.9995802328815067
test_2754,0.00015843621910252594
test_2755,0.00012339457598623172
test_2756,0.9994274534183676
test_2757,0.00012053648825760125
test_2758,0.9995677584942982
test_2759,0.9989896871045243
test_2761,0.00028021097671886315
test_2762,0.0001349925114744823
test_2766,0.003953089717665658
test_2772,8.992845191712825e-05
test_2773,0.999547024187722
test_2774,7.813211475679675e-05
test_2775,0.9989266936870904
test_2776,0.9993929244195585
test_2780,0.9996064244064888
test_2782,0.9995899527890774
test_2783,0.9994907342856149
test_2784,0.9983515170581486
test_2785,0.9991622764877717
test_2787,0.9995531723251385
test_2788,0.00012100819764626352
test_2789,0.9995761152580062
test_2791,0.9959139973057952
test_2792,9.723513021229605e-05
test_2794,0.00015059267929792876
test_2795,0.0001590562223002251
test_2796,0.00010190106603011284
test_2798,0.0007180297626119063
test_2800,0.00012291356525508167
test_2801,0.00010932307388704928
test_2802,0.999514991674396
test_2804,0.9580694764363313
test_2805,7.813211475679675e-05
test_2809,7.14190139989638e-05
test_2813,0.9990130678795065
test_2816,0.00020184421628825368
test_2819,0.0001080495591152451
test_2820,0.9994966644245472
test_2821,0.999530823621416
test_2823,0.9995215743737126
test_2824,7.513914535123044e-05
test_2825,0.00010679087805237084
test_2826,0.9994663071572335
test_2827,0.00011456899665745263
test_2829,9.3145930425751e-05
test_2830,0.9995761152580062
test_2831,0.00011323437855834612
test_2832,0.9992371868758949
test_2833,0.9995407914937076
test_2834,8.382304598261359e-05
test_2838,0.9941913304674965
test_2839,0.9994472213630764
test_2840,0.9994956808828589
test_2842,0.9994547233625086
test_2843,0.9990340250847796
test_2845,0.00011866796497892348
test_2846,8.853436393344614e-05
test_2848,0.9986006016411856
test_2849,0.999557512718016
test_2851,0.0001177445922838707
test_2852,0.00012339457598623172
test_2853,7.602479448313689e-05
test_2854,0.00012339457598623172
test_2855,0.00012195716095619292
test_2856,0.9996266340651457
test_2857,8.682210299865954e-05
test_2858,0.9996787497205563
test_2860,0.00011018041091029862
test_2861,0.9996940542831084
test_2862,7.54332094672397e-05
test_2864,0.00011323437855834612
test_2866,8.029784284533197e-05
test_2867,0.9995522991531197
test_2874,0.00013819332423844384
test_2875,0.051272418130294733
test_2876,8.415109250079664e-05
test_2877,0.9991306326071938
test_2879,0.00019260287692100854
test_2880,0.00013765463368900106
test_2881,0.9995600966987481
test_2882,0.9993188288952314
test_2883,0.9993724421060196
test_2884,0.00012100819764626352
test_2885,8.124429150749101e-05
test_2886,0.00014710471681051275
test_2888,7.843789122138342e-05
test_2889,8.614650623806317e-05
test_2890,0.9995015534499203
test_2893,0.9996659568390602
test_2894,0.9531879687361164
test_2895,0.9995540437949288
test_2896,0.0001177445922838707
test_2897,0.999640932353594
test_2899,0.3971490346625662
test_2900,0.00010431732808777014
test_2901,0.9994786636933496
test_2902,8.547616611085636e-05
test_2905,0.9995618109676855
test_2906,7.874486427310235e-05
test_2907,0.9996774927880132
test_2910,8.581068165860988e-05
test_2911,0.9992191114099174
test_2912,0.9995083184477073
test_2913,0.9996444205667198
test_2914,0.00022782184915136856
test_2916,7.967300986103147e-05
test_2917,0.9990226496068572
test_2918,7.722191834067997e-05
test_2920,0.99955664802405
test_2921,0.999304046316105
test_2924,0.9995652194991809
test_2925,0.9996033387792852
test_2926,0.000125337514256461
test_2927,0.9995609546695269
test_2929,0.00012006661744708867
test_2930,0.9994184423651439
test_2931,8.682210299865954e-05
test_2932,0.9994735502714851
test_2934,0.9990889488055994
test_2936,0.00012830942637841788
test_2937,0.9995380941670976
test_2940,0.9962492111110447
